timestamp,window_score,rolling_score,latency_ms,faces_detected
2026-10-09T23:26:41+00:00,0.5003,0.5003,167,0
2026-10-09T23:26:42+00:00,0.5000,0.5001,82,0
2026-10-09T23:26:43+00:00,0.5000,0.5000,120,0
2026-10-09T23:26:44+00:00,0.5001,0.5001,68,0
2026-10-09T23:26:45+00:00,0.5009,0.5006,69,0
2026-10-09T23:26:45+00:00,0.5011,0.5009,71,0
2026-10-09T23:26:46+00:00,0.5003,0.5005,87,0
2026-10-09T23:26:47+00:00,0.5000,0.5002,94,0
2026-10-09T23:26:48+00:00,0.5002,0.5002,78,0
2026-10-09T23:26:48+00:00,0.5005,0.5004,70,0
2026-10-09T23:26:49+00:00,0.5003,0.5003,72,0
2026-10-09T23:26:50+00:00,0.5000,0.5001,68,0
2026-10-09T23:26:52+00:00,0.5001,0.5001,818,0
2026-10-09T23:26:54+00:00,0.5007,0.5004,683,0
2026-10-09T23:26:56+00:00,0.5010,0.5008,900,0
2026-10-09T23:26:59+00:00,0.5006,0.5007,609,0
2026-10-09T23:27:01+00:00,0.5002,0.5004,777,0
2026-10-09T23:27:05+00:00,0.5002,0.5003,804,0
2026-10-09T23:27:08+00:00,0.5005,0.5004,690,0
2026-10-09T23:27:10+00:00,0.5003,0.5003,654,0
2026-10-09T23:27:13+00:00,0.5000,0.5001,704,0
2026-10-09T23:27:15+00:00,0.5000,0.5001,766,0
2026-10-09T23:27:18+00:00,0.5001,0.5001,1124,0
2026-10-09T23:27:21+00:00,0.5011,0.5007,690,0
2026-10-09T23:27:23+00:00,0.5011,0.5009,689,0
2026-10-09T23:27:26+00:00,0.5002,0.5005,705,0
2026-10-09T23:27:29+00:00,0.5002,0.5003,639,0
2026-10-09T23:27:29+00:00,0.5002,0.5002,70,0
2026-10-09T23:27:30+00:00,0.5003,0.5003,75,0
